Date,Close,Date,Close,Date,Close
2015-03-03,179.19,2015-03-03,572.07,2015-03-03,47.71
2015-03-04,174.68,2015-03-04,571.8,2015-03-04,47.57
2015-03-05,170.3,2015-03-05,573.76,2015-03-05,47.35
2015-03-06,161.72,2015-03-06,566.13,2015-03-06,46.75
2015-03-09,164.86,2015-03-09,567.29,2015-03-09,47.59
2015-03-10,161.04,2015-03-10,553.49,2015-03-10,45.84
2015-03-11,160.21,2015-03-11,549.67,2015-03-11,46.27
2015-03-12,163.03,2015-03-12,553.99,2015-03-12,47.07
2015-03-13,164.26,2015-03-13,545.82,2015-03-13,46.66
2015-03-16,168.41,2015-03-16,552.99,2015-03-16,46.43
2015-03-17,169.96,2015-03-17,549.33,2015-03-17,46.93
2015-03-18,173.24,2015-03-18,557.97,2015-03-18,47.2
2015-03-19,173.78,2015-03-19,556.46,2015-03-19,47.93
2015-03-20,174.76,2015-03-20,558.83,2015-03-20,48.44
2015-03-23,174.35,2015-03-23,557.28,2015-03-23,48.46
2015-03-24,172.5,2015-03-24,568.63,2015-03-24,51.47
2015-03-25,166.96,2015-03-25,557.26,2015-03-25,49.5
2015-03-26,169.54,2015-03-26,553.65,2015-03-26,49.92
2015-03-27,170.13,2015-03-27,546.84,2015-03-27,50.01
2015-03-30,170.91,2015-03-30,550.52,2015-03-30,49.89
2015-03-31,169.19,2015-03-31,546.5,2015-03-31,50.08
2015-04-01,169.16,2015-04-01,541.07,2015-04-01,50.47
2015-04-02,169.52,2015-04-02,534.06,2015-04-02,50.42
2015-04-06,170.02,2015-04-06,535.3,2015-04-06,50.84
2015-04-07,170.28,2015-04-07,535.55,2015-04-07,52.87
2015-04-08,172.07,2015-04-08,540.13,2015-04-08,52.3
2015-04-09,173.99,2015-04-09,539.3,2015-04-09,52.17
2015-04-10,175.99,2015-04-10,538.53,2015-04-10,51.94
2015-04-13,171.96,2015-04-13,537.69,2015-04-13,51.62
2015-04-14,171.12,2015-04-14,528.94,2015-04-14,51.2
2015-04-15,173.39,2015-04-15,531.07,2015-04-15,51.3
2015-04-16,173.35,2015-04-16,532.34,2015-04-16,52.03
2015-04-17,170.65,2015-04-17,522.62,2015-04-17,50.66
2015-04-20,171.22,2015-04-20,533.91,2015-04-20,51.4
2015-04-21,175.39,2015-04-21,532.51,2015-04-21,51.32
2015-04-22,176.32,2015-04-22,537.89,2015-04-22,51.73
2015-04-23,176.63,2015-04-23,545.5,2015-04-23,51.41
2015-04-24,175.09,2015-04-24,563.51,2015-04-24,50.82
2015-04-27,173.56,2015-04-27,555.37,2015-04-27,51.66
2015-04-28,169.7,2015-04-28,553.68,2015-04-28,42.27
2015-04-29,187.07,2015-04-29,549.08,2015-04-29,38.49
2015-04-30,182.12,2015-04-30,537.34,2015-04-30,38.96
2015-05-01,182.68,2015-05-01,537.9,2015-05-01,37.84
2015-05-04,181.3,2015-05-04,540.78,2015-05-04,37.88
2015-05-05,179,2015-05-05,530.8,2015-05-05,37.42
2015-05-06,179.35,2015-05-06,524.22,2015-05-06,37.26
2015-05-07,177.54,2015-05-07,530.7,2015-05-07,37.71
2015-05-08,180.84,2015-05-08,538.22,2015-05-08,37.59
2015-05-11,181.06,2015-05-11,535.7,2015-05-11,37.31
2015-05-12,177.58,2015-05-12,529.04,2015-05-12,37.48
2015-05-13,177.43,2015-05-13,529.62,2015-05-13,37.72
2015-05-14,179.82,2015-05-14,538.4,2015-05-14,37.33
2015-05-15,178.8,2015-05-15,533.85,2015-05-15,37.1
2015-05-18,179.1,2015-05-18,532.3,2015-05-18,37.28
2015-05-19,178.69,2015-05-19,537.36,2015-05-19,37.5
2015-05-20,176.45,2015-05-20,539.27,2015-05-20,36.78
2015-05-21,175.38,2015-05-21,542.51,2015-05-21,36.68
2015-05-22,175.3,2015-05-22,540.11,2015-05-22,36.6
2015-05-26,172.79,2015-05-26,532.32,2015-05-26,36.51
2015-05-27,175.31,2015-05-27,539.79,2015-05-27,36.41
2015-05-28,176.68,2015-05-28,539.78,2015-05-28,36.83
2015-05-29,175.98,2015-05-29,532.11,2015-05-29,36.67
2015-06-01,176.14,2015-06-01,533.99,2015-06-01,36.63
2015-06-02,175.88,2015-06-02,539.18,2015-06-02,36.4
2015-06-03,177.8,2015-06-03,540.31,2015-06-03,37
2015-06-04,174.89,2015-06-04,536.7,2015-06-04,36.71
2015-06-05,180.43,2015-06-05,533.33,2015-06-05,37
2015-06-08,176.87,2015-06-08,526.83,2015-06-08,36.46
2015-06-09,176.78,2015-06-09,526.69,2015-06-09,35.88
2015-06-10,181.76,2015-06-10,536.69,2015-06-10,35.85
2015-06-11,180.64,2015-06-11,534.61,2015-06-11,35.84
2015-06-12,178.75,2015-06-12,532.33,2015-06-12,35.9
2015-06-15,174.09,2015-06-15,527.2,2015-06-15,34.67
2015-06-16,176.2,2015-06-16,528.15,2015-06-16,34.82
2015-06-17,176.8,2015-06-17,529.26,2015-06-17,34.69
2015-06-18,178.64,2015-06-18,536.73,2015-06-18,34.66
2015-06-19,177.69,2015-06-19,536.69,2015-06-19,35.86
2015-06-22,178.62,2015-06-22,538.19,2015-06-22,35.55
2015-06-23,178.62,2015-06-23,540.48,2015-06-23,35.37
2015-06-24,174.23,2015-06-24,537.84,2015-06-24,35.17
2015-06-25,173.89,2015-06-25,535.23,2015-06-25,35.17
2015-06-26,173.86,2015-06-26,531.69,2015-06-26,35.26
2015-06-29,167.88,2015-06-29,521.52,2015-06-29,34.21
2015-06-30,170.08,2015-06-30,520.51,2015-06-30,36.22
2015-07-01,170.06,2015-07-01,521.84,2015-07-01,35.4
2015-07-02,172.57,2015-07-02,523.4,2015-07-02,35.72
2015-07-06,172.47,2015-07-06,522.86,2015-07-06,35.43
2015-07-07,173.6,2015-07-07,525.02,2015-07-07,35.52
2015-07-08,172.22,2015-07-08,516.83,2015-07-08,34.76
2015-07-09,174.44,2015-07-09,520.68,2015-07-09,34.36
2015-07-10,175.7,2015-07-10,530.13,2015-07-10,34.91
2015-07-13,177.1,2015-07-13,546.55,2015-07-13,35.78
2015-07-14,180.7,2015-07-14,561.1,2015-07-14,36.72
2015-07-15,182.87,2015-07-15,560.22,2015-07-15,35.66
2015-07-16,186.3,2015-07-16,579.85,2015-07-16,36.1
2015-07-17,185.63,2015-07-17,672.93,2015-07-17,35.67
2015-07-20,184,2015-07-20,663.02,2015-07-20,35.81
2015-07-21,181.5,2015-07-21,662.3,2015-07-21,36.63
2015-07-22,183.72,2015-07-22,662.1,2015-07-22,36.09
2015-07-23,179.82,2015-07-23,644.28,2015-07-23,36.19
2015-07-24,181.43,2015-07-24,623.56,2015-07-24,35.42
2015-07-27,178.17,2015-07-27,627.26,2015-07-27,34.7
2015-07-28,202.01,2015-07-28,628,2015-07-28,36.54
2015-07-29,204.48,2015-07-29,631.93,2015-07-29,31.24
2015-07-30,204.81,2015-07-30,632.59,2015-07-30,31.47
2015-07-31,203.85,2015-07-31,625.61,2015-07-31,31.01
2015-08-03,203.5,2015-08-03,631.21,2015-08-03,29.27
2015-08-04,214.86,2015-08-04,629.25,2015-08-04,29.34
2015-08-05,216.25,2015-08-05,643.78,2015-08-05,28.48
2015-08-06,213.04,2015-08-06,642.68,2015-08-06,27.54
2015-08-07,215.61,2015-08-07,635.3,2015-08-07,27.04
2015-08-10,218.85,2015-08-10,633.73,2015-08-10,29.5
2015-08-11,215.41,2015-08-11,660.78,2015-08-11,29.62
2015-08-12,216.98,2015-08-12,659.56,2015-08-12,29.39
2015-08-13,218.71,2015-08-13,656.45,2015-08-13,28.54
2015-08-14,218.8,2015-08-14,657.12,2015-08-14,29.06
2015-08-17,221.6,2015-08-17,660.87,2015-08-17,29.06
2015-08-18,217.73,2015-08-18,656.13,2015-08-18,28.3
2015-08-19,218.62,2015-08-19,660.9,2015-08-19,27.61
2015-08-20,209.59,2015-08-20,646.83,2015-08-20,26
2015-08-21,204,2015-08-21,612.48,2015-08-21,25.87
2015-08-24,196.06,2015-08-24,589.61,2015-08-24,25.17
2015-08-25,196.03,2015-08-25,582.06,2015-08-25,24.38
2015-08-26,201.14,2015-08-26,628.62,2015-08-26,25.03
2015-08-27,200.87,2015-08-27,637.61,2015-08-27,26.46
2015-08-28,200.99,2015-08-28,630.38,2015-08-28,26.83
2015-08-31,198.7,2015-08-31,618.25,2015-08-31,27.79
2015-09-01,196.04,2015-09-01,597.79,2015-09-01,27.03
2015-09-02,197.02,2015-09-02,614.34,2015-09-02,27.82
2015-09-03,198.37,2015-09-03,606.25,2015-09-03,28.3
2015-09-04,195.43,2015-09-04,600.7,2015-09-04,28.15
2015-09-08,201.25,2015-09-08,614.66,2015-09-08,27.18
2015-09-09,198.34,2015-09-09,612.72,2015-09-09,27.18
2015-09-10,198.41,2015-09-10,621.35,2015-09-10,27.71
2015-09-11,201.14,2015-09-11,625.77,2015-09-11,27.39
2015-09-14,200.95,2015-09-14,623.24,2015-09-14,26.9
2015-09-15,207.95,2015-09-15,635.14,2015-09-15,27.17
2015-09-16,209.87,2015-09-16,635.98,2015-09-16,27.75
2015-09-17,209.9,2015-09-17,642.9,2015-09-17,27.41
2015-09-18,206.68,2015-09-18,629.25,2015-09-18,27.96
2015-09-21,208.5,2015-09-21,635.44,2015-09-21,27.38
2015-09-22,207.07,2015-09-22,622.69,2015-09-22,26.83
2015-09-23,208.28,2015-09-23,622.36,2015-09-23,26.79
2015-09-24,205.19,2015-09-24,625.8,2015-09-24,26.6
2015-09-25,205.19,2015-09-25,611.97,2015-09-25,25.29
2015-09-28,195.28,2015-09-28,594.89,2015-09-28,25.26
2015-09-29,194.72,2015-09-29,594.97,2015-09-29,25.59
2015-09-30,196.47,2015-09-30,608.42,2015-09-30,26.94
2015-10-01,199.3,2015-10-01,611.29,2015-10-01,24.68
2015-10-02,198.84,2015-10-02,626.91,2015-10-02,26.31
2015-10-05,200.99,2015-10-05,641.47,2015-10-05,28.15
2015-10-06,197.58,2015-10-06,645.44,2015-10-06,27.62
2015-10-07,199.58,2015-10-07,642.36,2015-10-07,29.83
2015-10-08,199.53,2015-10-08,639.16,2015-10-08,30.32
2015-10-09,205.25,2015-10-09,643.61,2015-10-09,30.85
2015-10-12,206.11,2015-10-12,646.67,2015-10-12,28.75
2015-10-13,199.38,2015-10-13,652.3,2015-10-13,29.06
2015-10-14,196.75,2015-10-14,651.16,2015-10-14,29.38
2015-10-15,199.79,2015-10-15,661.74,2015-10-15,29.71
2015-10-16,203.11,2015-10-16,662.2,2015-10-16,31.15
2015-10-19,203.73,2015-10-19,666.1,2015-10-19,30.91
2015-10-20,197.11,2015-10-20,650.28,2015-10-20,30.91
2015-10-21,190.36,2015-10-21,642.61,2015-10-21,29.3
2015-10-22,194.92,2015-10-22,651.79,2015-10-22,29.15
2015-10-23,188.18,2015-10-23,702,2015-10-23,30.28
2015-10-26,196.26,2015-10-26,712.78,2015-10-26,30.89
2015-10-27,168.24,2015-10-27,708.49,2015-10-27,31.34
2015-10-28,178.85,2015-10-28,712.95,2015-10-28,30.87
2015-10-29,174.38,2015-10-29,716.92,2015-10-29,29.06
2015-10-30,172.07,2015-10-30,710.81,2015-10-30,28.46
2015-11-02,176.16,2015-11-02,721.11,2015-11-02,29.2
2015-11-03,177.12,2015-11-03,722.16,2015-11-03,29.13
2015-11-04,180.23,2015-11-04,728.11,2015-11-04,29.36
2015-11-05,176.92,2015-11-05,731.25,2015-11-05,28.66
2015-11-06,177.65,2015-11-06,733.76,2015-11-06,28.28
2015-11-09,174.86,2015-11-09,724.89,2015-11-09,27.09
2015-11-10,174.45,2015-11-10,728.32,2015-11-10,27.05
2015-11-11,174.85,2015-11-11,735.4,2015-11-11,26.5
2015-11-12,172.72,2015-11-12,731.23,2015-11-12,26.13
2015-11-13,168.87,2015-11-13,717,2015-11-13,25.18
2015-11-16,171.58,2015-11-16,728.96,2015-11-16,25.41
2015-11-17,171.93,2015-11-17,725.3,2015-11-17,25.23
2015-11-18,174.82,2015-11-18,740,2015-11-18,25.9
2015-11-19,173,2015-11-19,738.41,2015-11-19,26.32
2015-11-20,173.21,2015-11-20,756.6,2015-11-20,26.27
2015-11-23,173.68,2015-11-23,755.98,2015-11-23,25.2
2015-11-24,173.3,2015-11-24,748.28,2015-11-24,25.52
2015-11-25,175.4,2015-11-25,748.15,2015-11-25,26.06
2015-11-27,175.56,2015-11-27,750.26,2015-11-27,25.75
2015-11-30,173.37,2015-11-30,742.6,2015-11-30,25.4
2015-12-01,177.19,2015-12-01,767.04,2015-12-01,25.53
2015-12-02,176.19,2015-12-02,762.38,2015-12-02,25.4
2015-12-03,173.58,2015-12-03,752.54,2015-12-03,25.9
2015-12-04,176.84,2015-12-04,766.81,2015-12-04,25.02
2015-12-07,173.73,2015-12-07,763.25,2015-12-07,24.46
2015-12-08,175.49,2015-12-08,762.37,2015-12-08,24.99
2015-12-09,172.53,2015-12-09,751.61,2015-12-09,24.31
2015-12-10,172.75,2015-12-10,749.46,2015-12-10,25.91
2015-12-11,174.14,2015-12-11,738.87,2015-12-11,24.84
2015-12-14,175.25,2015-12-14,747.77,2015-12-14,24.92
2015-12-15,178.93,2015-12-15,743.4,2015-12-15,23.95
2015-12-16,177.12,2015-12-16,758.09,2015-12-16,24.3
2015-12-17,173.51,2015-12-17,749.43,2015-12-17,23.31
2015-12-18,175.74,2015-12-18,739.31,2015-12-18,22.99
2015-12-21,177.37,2015-12-21,747.77,2015-12-21,22.14
2015-12-22,177.14,2015-12-22,750,2015-12-22,22.56
2015-12-23,177.45,2015-12-23,750.31,2015-12-23,22.67
2015-12-24,177.61,2015-12-24,748.4,2015-12-24,22.97
2015-12-28,176.41,2015-12-28,762.51,2015-12-28,22.53
2015-12-29,180.64,2015-12-29,776.6,2015-12-29,22.47
2015-12-30,178.92,2015-12-30,771,2015-12-30,22.23
2015-12-31,179.29,2015-12-31,758.88,2015-12-31,23.14
2016-01-04,171.13,2016-01-04,741.84,2016-01-04,22.56
2016-01-05,171.77,2016-01-05,742.58,2016-01-05,21.92
2016-01-06,169.27,2016-01-06,743.62,2016-01-06,21.39
2016-01-07,161.03,2016-01-07,726.39,2016-01-07,20.26
2016-01-08,148.15,2016-01-08,714.47,2016-01-08,19.98
2016-01-11,152.45,2016-01-11,716.03,2016-01-11,19.65
2016-01-12,156.19,2016-01-12,726.07,2016-01-12,19.62
2016-01-13,150.34,2016-01-13,700.56,2016-01-13,18.68
2016-01-14,152.53,2016-01-14,714.72,2016-01-14,19
2016-01-15,149.93,2016-01-15,694.45,2016-01-15,17.94
2016-01-19,146.34,2016-01-19,701.79,2016-01-19,16.69
2016-01-20,149.69,2016-01-20,698.45,2016-01-20,17.38
2016-01-21,150.22,2016-01-21,706.59,2016-01-21,17.83
2016-01-22,149.91,2016-01-22,725.25,2016-01-22,17.84
2016-01-25,145.88,2016-01-25,711.67,2016-01-25,17.02
2016-01-26,147.15,2016-01-26,713.04,2016-01-26,17.01
2016-01-27,142.39,2016-01-27,699.99,2016-01-27,16.78
2016-01-28,167.26,2016-01-28,730.96,2016-01-28,16.49
2016-01-29,172.51,2016-01-29,742.95,2016-01-29,16.8
2016-02-01,173.34,2016-02-01,752,2016-02-01,17.91
2016-02-02,171.89,2016-02-02,764.65,2016-02-02,16.08
2016-02-03,171.48,2016-02-03,726.95,2016-02-03,16.56
2016-02-04,167.84,2016-02-04,708.01,2016-02-04,16.91
2016-02-05,156.46,2016-02-05,683.57,2016-02-05,15.72
2016-02-08,155,2016-02-08,682.74,2016-02-08,14.9
2016-02-09,151.96,2016-02-09,678.11,2016-02-09,14.4
2016-02-10,150.15,2016-02-10,684.12,2016-02-10,14.98
2016-02-11,149.57,2016-02-11,683.11,2016-02-11,14.31
2016-02-12,151.9,2016-02-12,682.4,2016-02-12,15.88
2016-02-16,152.36,2016-02-16,691,2016-02-16,16.36
2016-02-17,156.6,2016-02-17,708.4,2016-02-17,17.46
2016-02-18,149.32,2016-02-18,697.35,2016-02-18,18.43
2016-02-19,153.25,2016-02-19,700.91,2016-02-19,18.31
2016-02-22,154.6,2016-02-22,706.46,2016-02-22,18.3
2016-02-23,152.59,2016-02-23,695.85,2016-02-23,18.3
2016-02-24,156.58,2016-02-24,699.56,2016-02-24,18
2016-02-25,158.15,2016-02-25,705.75,2016-02-25,17.59
2016-02-26,158.58,2016-02-26,705.07,2016-02-26,17.94
2016-02-29,160.89,2016-02-29,697.77,2016-02-29,18.12
2016-03-01,172.39,2016-03-01,718.81,2016-03-01,17.85
2016-03-02,168.24,2016-03-02,718.85,2016-03-02,18.54
2016-03-03,170.78,2016-03-03,712.42,2016-03-03,19.31
2016-03-04,168.98,2016-03-04,710.89,2016-03-04,19.36
2016-03-07,168.75,2016-03-07,695.16,2016-03-07,19.17
2016-03-08,167.65,2016-03-08,693.97,2016-03-08,18.33
2016-03-09,168.24,2016-03-09,705.24,2016-03-09,17.66
2016-03-10,167.12,2016-03-10,712.82,2016-03-10,16.61
2016-03-11,170.59,2016-03-11,726.82,2016-03-11,16.81
2016-03-14,168.04,2016-03-14,730.49,2016-03-14,17.12
2016-03-15,165.81,2016-03-15,728.33,2016-03-15,16.19
2016-03-16,167.38,2016-03-16,736.09,2016-03-16,16.7
2016-03-17,168.98,2016-03-17,737.78,2016-03-17,16.85
2016-03-18,175.12,2016-03-18,737.6,2016-03-18,16.85
2016-03-21,175.55,2016-03-21,742.09,2016-03-21,16.89
2016-03-22,175.77,2016-03-22,740.75,2016-03-22,16.86
2016-03-23,169.48,2016-03-23,738.06,2016-03-23,16.01
2016-03-24,172.82,2016-03-24,735.3,2016-03-24,15.91
2016-03-28,172.02,2016-03-28,733.53,2016-03-28,15.6
2016-03-29,177.79,2016-03-29,744.77,2016-03-29,15.97
2016-03-30,180.87,2016-03-30,750.53,2016-03-30,16.36
2016-03-31,179.72,2016-03-31,744.95,2016-03-31,16.55
2016-04-01,182.75,2016-04-01,749.91,2016-04-01,15.98
2016-04-04,184.71,2016-04-04,745.29,2016-04-04,17.09
2016-04-05,183.1,2016-04-05,737.8,2016-04-05,17.05
2016-04-06,182.34,2016-04-06,745.69,2016-04-06,17.26
2016-04-07,179.1,2016-04-07,740.28,2016-04-07,16.98
2016-04-08,178.8,2016-04-08,739.15,2016-04-08,16.65
2016-04-11,180.72,2016-04-11,736.1,2016-04-11,16.51
2016-04-12,182.65,2016-04-12,743.09,2016-04-12,16.57
2016-04-13,187.07,2016-04-13,751.72,2016-04-13,17.37
2016-04-14,187.95,2016-04-14,753.2,2016-04-14,17.53
2016-04-15,186.17,2016-04-15,759,2016-04-15,17.58
2016-04-18,188.25,2016-04-18,766.61,2016-04-18,17.31
2016-04-19,189.35,2016-04-19,753.93,2016-04-19,16.92
2016-04-20,188.28,2016-04-20,752.67,2016-04-20,17.4
2016-04-21,188.26,2016-04-21,759.14,2016-04-21,17.51
2016-04-22,191.8,2016-04-22,718.77,2016-04-22,17.23
2016-04-25,185.5,2016-04-25,723.15,2016-04-25,17.09
2016-04-26,189.83,2016-04-26,708.14,2016-04-26,17.75
2016-04-27,189.97,2016-04-27,705.84,2016-04-27,14.86
2016-04-28,182.57,2016-04-28,691.02,2016-04-28,14.64
2016-04-29,179.32,2016-04-29,693.01,2016-04-29,14.62
2016-05-02,184.1,2016-05-02,698.21,2016-05-02,14.4
2016-05-03,180.34,2016-05-03,692.36,2016-05-03,14.01
2016-05-04,180.07,2016-05-04,695.7,2016-05-04,14.84
2016-05-05,179.83,2016-05-05,701.43,2016-05-05,14.12
2016-05-06,182.57,2016-05-06,711.12,2016-05-06,14.4
2016-05-09,188.16,2016-05-09,712.9,2016-05-09,14.2
2016-05-10,190.5,2016-05-10,723.18,2016-05-10,14.63
2016-05-11,185.19,2016-05-11,715.29,2016-05-11,14.59
2016-05-12,184.45,2016-05-12,713.31,2016-05-12,14.08
2016-05-13,182.15,2016-05-13,710.83,2016-05-13,14.1
2016-05-16,182.49,2016-05-16,716.49,2016-05-16,14.29
2016-05-17,179,2016-05-17,706.23,2016-05-17,14.34
2016-05-18,180.26,2016-05-18,706.63,2016-05-18,14.14
2016-05-19,178.84,2016-05-19,700.32,2016-05-19,14.15
2016-05-20,179.28,2016-05-20,709.74,2016-05-20,14.43
2016-05-23,183.52,2016-05-23,704.24,2016-05-23,14.41
2016-05-24,189.39,2016-05-24,720.09,2016-05-24,14.03
2016-05-25,187.09,2016-05-25,725.27,2016-05-25,14.41
2016-05-26,188.03,2016-05-26,724.12,2016-05-26,14.3
2016-05-27,190.93,2016-05-27,732.66,2016-05-27,15.1
2016-05-31,186.54,2016-05-31,735.72,2016-05-31,15.22
2016-06-01,186.47,2016-06-01,734.15,2016-06-01,15.02
2016-06-02,190.7,2016-06-02,730.4,2016-06-02,15.2
2016-06-03,188.69,2016-06-03,722.34,2016-06-03,15.2
2016-06-06,194.71,2016-06-06,716.55,2016-06-06,15.27
2016-06-07,193.88,2016-06-07,716.65,2016-06-07,15
2016-06-08,192.3,2016-06-08,728.28,2016-06-08,14.95
2016-06-09,192.09,2016-06-09,728.58,2016-06-09,14.6
2016-06-10,187.76,2016-06-10,719.41,2016-06-10,14.02
2016-06-13,186.32,2016-06-13,718.36,2016-06-13,14.55
2016-06-14,185.5,2016-06-14,718.27,2016-06-14,15.36
2016-06-15,184.86,2016-06-15,718.92,2016-06-15,15.96
2016-06-16,184.72,2016-06-16,710.36,2016-06-16,15.87
2016-06-17,179.18,2016-06-17,691.72,2016-06-17,16.1
2016-06-20,183.97,2016-06-20,693.71,2016-06-20,16.34
2016-06-21,182.2,2016-06-21,695.94,2016-06-21,16.32
2016-06-22,179.62,2016-06-22,697.46,2016-06-22,16.13
2016-06-23,182.94,2016-06-23,701.87,2016-06-23,17.04
2016-06-24,173.12,2016-06-24,675.22,2016-06-24,16.44
2016-06-27,167.13,2016-06-27,668.26,2016-06-27,15.84
2016-06-28,168.15,2016-06-28,680.04,2016-06-28,16.42
2016-06-29,174.32,2016-06-29,684.11,2016-06-29,16.83
2016-06-30,175.02,2016-06-30,692.1,2016-06-30,16.91
2016-07-01,172.39,2016-07-01,699.21,2016-07-01,17.28
2016-07-05,172.88,2016-07-05,694.49,2016-07-05,17.14
2016-07-06,172.9,2016-07-06,697.77,2016-07-06,17.2
2016-07-07,173.84,2016-07-07,695.36,2016-07-07,17.37
2016-07-08,178.29,2016-07-08,705.63,2016-07-08,18.08
2016-07-11,180.55,2016-07-11,715.09,2016-07-11,17.71
2016-07-12,181.6,2016-07-12,720.64,2016-07-12,18.1
2016-07-13,181.58,2016-07-13,716.98,2016-07-13,17.74
2016-07-14,182.21,2016-07-14,720.95,2016-07-14,17.96
2016-07-15,187.21,2016-07-15,719.85,2016-07-15,18.08
2016-07-18,187.4,2016-07-18,733.78,2016-07-18,18.65
2016-07-19,186.55,2016-07-19,736.96,2016-07-19,18.33
2016-07-20,190.48,2016-07-20,741.19,2016-07-20,18.56
2016-07-21,183.79,2016-07-21,738.63,2016-07-21,18.39
2016-07-22,187.84,2016-07-22,742.74,2016-07-22,18.37
2016-07-25,184.51,2016-07-25,739.77,2016-07-25,18.65
2016-07-26,185.21,2016-07-26,738.42,2016-07-26,18.45
2016-07-27,182.98,2016-07-27,741.77,2016-07-27,15.77
2016-07-28,185.08,2016-07-28,745.91,2016-07-28,16.31
2016-07-29,174.89,2016-07-29,768.79,2016-07-29,16.64
2016-08-01,172.01,2016-08-01,772.88,2016-08-01,16.64
2016-08-02,167.24,2016-08-02,771.07,2016-08-02,16.42
2016-08-03,166.84,2016-08-03,773.18,2016-08-03,17.61
2016-08-04,164.49,2016-08-04,771.61,2016-08-04,18.13
2016-08-05,166.32,2016-08-05,782.22,2016-08-05,18.26
2016-08-08,164.44,2016-08-08,781.76,2016-08-08,18.2
2016-08-09,165.06,2016-08-09,784.26,2016-08-09,18.68
2016-08-10,165.58,2016-08-10,784.68,2016-08-10,19.04
2016-08-11,166.13,2016-08-11,784.85,2016-08-11,19.78
2016-08-12,165.43,2016-08-12,783.22,2016-08-12,19.54
2016-08-15,166.75,2016-08-15,782.44,2016-08-15,20.86
2016-08-16,165.4,2016-08-16,777.14,2016-08-16,20.4
2016-08-17,164.02,2016-08-17,779.91,2016-08-17,20.17
2016-08-18,165.58,2016-08-18,777.5,2016-08-18,19
2016-08-19,166.64,2016-08-19,775.42,2016-08-19,18.98
2016-08-22,166.88,2016-08-22,772.15,2016-08-22,18.55
2016-08-23,168.42,2016-08-23,772.08,2016-08-23,18.69
2016-08-24,166.78,2016-08-24,769.64,2016-08-24,18.25
2016-08-25,168.32,2016-08-25,769.41,2016-08-25,18.32
2016-08-26,167.47,2016-08-26,769.54,2016-08-26,18.3
2016-08-29,166,2016-08-29,772.15,2016-08-29,18.47
2016-08-30,166.96,2016-08-30,769.09,2016-08-30,18.38
2016-08-31,166.79,2016-08-31,767.05,2016-08-31,19.21
2016-09-01,167.32,2016-09-01,768.78,2016-09-01,19.5
2016-09-02,169.78,2016-09-02,771.46,2016-09-02,19.55
2016-09-06,170.63,2016-09-06,780.08,2016-09-06,19.93
2016-09-07,171.71,2016-09-07,780.35,2016-09-07,19.87
2016-09-08,172.65,2016-09-08,775.32,2016-09-08,18.7
2016-09-09,170.7,2016-09-09,759.66,2016-09-09,18.11
2016-09-12,172.45,2016-09-12,769.02,2016-09-12,18.15
2016-09-13,169.93,2016-09-13,759.69,2016-09-13,17.76
2016-09-14,168.39,2016-09-14,762.49,2016-09-14,18.08
2016-09-15,167.62,2016-09-15,771.76,2016-09-15,18.3
2016-09-16,164.84,2016-09-16,768.88,2016-09-16,19.11
2016-09-19,164.25,2016-09-19,765.7,2016-09-19,18.36
2016-09-20,166.55,2016-09-20,771.41,2016-09-20,18.39
2016-09-21,167.63,2016-09-21,776.22,2016-09-21,18.49
2016-09-22,170.3,2016-09-22,787.21,2016-09-22,18.63
2016-09-23,171.78,2016-09-23,786.9,2016-09-23,22.62
2016-09-26,170.87,2016-09-26,774.21,2016-09-26,23.37
2016-09-27,169.06,2016-09-27,783.01,2016-09-27,23.72
2016-09-28,170.25,2016-09-28,781.56,2016-09-28,22.96
2016-09-29,165.74,2016-09-29,775.01,2016-09-29,23.01
2016-09-30,167.44,2016-09-30,777.29,2016-09-30,23.05
2016-10-03,163.84,2016-10-03,772.56,2016-10-03,24
2016-10-04,170.5,2016-10-04,776.43,2016-10-04,23.52
2016-10-05,171.01,2016-10-05,776.47,2016-10-05,24.87
2016-10-06,172.77,2016-10-06,776.86,2016-10-06,19.87
2016-10-07,172.98,2016-10-07,775.08,2016-10-07,19.85
2016-10-10,174.69,2016-10-10,785.94,2016-10-10,17.56
2016-10-11,173.06,2016-10-11,783.07,2016-10-11,18
2016-10-12,173.16,2016-10-12,786.14,2016-10-12,18.05
2016-10-13,172.37,2016-10-13,778.19,2016-10-13,17.79
2016-10-14,172.2,2016-10-14,778.53,2016-10-14,16.88
2016-10-17,171.85,2016-10-17,779.96,2016-10-17,16.73
2016-10-18,172.58,2016-10-18,795.26,2016-10-18,16.83
2016-10-19,170.14,2016-10-19,801.56,2016-10-19,17.07
2016-10-20,168.44,2016-10-20,796.97,2016-10-20,16.9
2016-10-21,168.61,2016-10-21,799.37,2016-10-21,18.09
2016-10-24,174.04,2016-10-24,813.11,2016-10-24,18.03
2016-10-25,172.29,2016-10-25,807.67,2016-10-25,17.26
2016-10-26,171.8,2016-10-26,799.07,2016-10-26,17.29
2016-10-27,173.53,2016-10-27,795.35,2016-10-27,17.4
2016-10-28,191.47,2016-10-28,795.37,2016-10-28,17.66
2016-10-31,194.81,2016-10-31,784.54,2016-10-31,17.95
2016-11-01,195.04,2016-11-01,783.61,2016-11-01,17.49
2016-11-02,191.87,2016-11-02,768.7,2016-11-02,17.61
2016-11-03,188.96,2016-11-03,762.13,2016-11-03,17.58
2016-11-04,190.16,2016-11-04,762.02,2016-11-04,18.02
2016-11-07,192.31,2016-11-07,782.52,2016-11-07,18.41
2016-11-08,190,2016-11-08,790.51,2016-11-08,18.38
2016-11-09,191.88,2016-11-09,785.31,2016-11-09,19.13
2016-11-10,193.16,2016-11-10,762.56,2016-11-10,18.37
2016-11-11,196.75,2016-11-11,754.02,2016-11-11,18.55
2016-11-14,192.11,2016-11-14,736.08,2016-11-14,19.14
2016-11-15,193.1,2016-11-15,758.49,2016-11-15,18.98
2016-11-16,196.48,2016-11-16,764.48,2016-11-16,18.63
2016-11-17,197.47,2016-11-17,771.23,2016-11-17,18.55
2016-11-18,196.68,2016-11-18,760.54,2016-11-18,18.73
2016-11-21,196.93,2016-11-21,769.2,2016-11-21,18.6
2016-11-22,198.57,2016-11-22,768.27,2016-11-22,18.63
2016-11-23,198.21,2016-11-23,760.99,2016-11-23,18.22
2016-11-25,197.85,2016-11-25,761.68,2016-11-25,18.06
2016-11-28,195.03,2016-11-28,768.24,2016-11-28,18.3
2016-11-29,195.23,2016-11-29,770.84,2016-11-29,18.19
2016-11-30,194.03,2016-11-30,758.04,2016-11-30,18.49
2016-12-01,191.6,2016-12-01,747.92,2016-12-01,18.03
2016-12-02,191.94,2016-12-02,750.5,2016-12-02,17.93
2016-12-05,195.76,2016-12-05,762.52,2016-12-05,18.23
2016-12-06,198.57,2016-12-06,759.11,2016-12-06,18.23
2016-12-07,198.45,2016-12-07,771.19,2016-12-07,19.48
2016-12-08,200.98,2016-12-08,776.42,2016-12-08,19.64
2016-12-09,200.97,2016-12-09,789.29,2016-12-09,19.65
2016-12-12,201.87,2016-12-12,789.27,2016-12-12,18.93
2016-12-13,204.44,2016-12-13,796.1,2016-12-13,19.37
2016-12-14,199.59,2016-12-14,797.07,2016-12-14,18.93
2016-12-15,201.55,2016-12-15,797.85,2016-12-15,18.79
2016-12-16,200.4,2016-12-16,790.8,2016-12-16,18.63
2016-12-19,203.18,2016-12-19,794.2,2016-12-19,18.24
2016-12-20,203.89,2016-12-20,796.42,2016-12-20,17.92
2016-12-21,200.31,2016-12-21,794.56,2016-12-21,17.08
2016-12-22,196.18,2016-12-22,791.26,2016-12-22,16.41
2016-12-23,201.22,2016-12-23,789.91,2016-12-23,16.5
2016-12-27,201.48,2016-12-27,791.55,2016-12-27,16.61
2016-12-28,197.6,2016-12-28,785.05,2016-12-28,16.39
2016-12-29,198.5,2016-12-29,782.79,2016-12-29,16.39
2016-12-30,197.4,2016-12-30,771.82,2016-12-30,16.3
2017-01-03,197.84,2017-01-03,786.14,2017-01-03,16.44
2017-01-04,197.94,2017-01-04,786.9,2017-01-04,16.86
2017-01-05,199.61,2017-01-05,794.02,2017-01-05,17.09
2017-01-06,199.17,2017-01-06,806.15,2017-01-06,17.17
2017-01-09,198.63,2017-01-09,806.65,2017-01-09,17.5
2017-01-10,200.78,2017-01-10,804.79,2017-01-10,17.37
2017-01-11,201,2017-01-11,807.91,2017-01-11,17.3
2017-01-12,200.47,2017-01-12,806.36,2017-01-12,17.38
2017-01-13,203.8,2017-01-13,807.88,2017-01-13,17.25
2017-01-17,200.92,2017-01-17,804.61,2017-01-17,16.96
2017-01-18,202.51,2017-01-18,806.07,2017-01-18,17.11
2017-01-19,199,2017-01-19,802.18,2017-01-19,16.79
2017-01-20,201.55,2017-01-20,805.02,2017-01-20,16.58
2017-01-23,205.1,2017-01-23,819.31,2017-01-23,16.61
2017-01-24,202.96,2017-01-24,823.87,2017-01-24,16.52
2017-01-25,203.3,2017-01-25,835.67,2017-01-25,16.73
2017-01-26,201.3,2017-01-26,832.15,2017-01-26,16.81
2017-01-27,199.58,2017-01-27,823.31,2017-01-27,16.57
2017-01-30,199.46,2017-01-30,802.32,2017-01-30,16.94
2017-01-31,201.3,2017-01-31,796.79,2017-01-31,17.62
2017-02-01,196.51,2017-02-01,795.7,2017-02-01,17.24
2017-02-02,191.5,2017-02-02,798.53,2017-02-02,17.78
2017-02-03,195.48,2017-02-03,801.49,2017-02-03,17.61
2017-02-06,190.3,2017-02-06,801.34,2017-02-06,17.93
2017-02-07,187.99,2017-02-07,806.97,2017-02-07,18.26
2017-02-08,187.49,2017-02-08,808.38,2017-02-08,18.72
2017-02-09,190.01,2017-02-09,809.56,2017-02-09,16.41
2017-02-10,189.35,2017-02-10,813.67,2017-02-10,15.58
2017-02-13,191.34,2017-02-13,819.24,2017-02-13,15.81
2017-02-14,192.99,2017-02-14,820.45,2017-02-14,16.52
2017-02-15,194.15,2017-02-15,818.98,2017-02-15,16.74
2017-02-16,192.68,2017-02-16,824.16,2017-02-16,16.35
2017-02-17,192.87,2017-02-17,828.07,2017-02-17,16.62
2017-02-21,195.8,2017-02-21,831.66,2017-02-21,16.42
2017-02-22,194.6,2017-02-22,830.76,2017-02-22,16.08
2017-02-23,193.3,2017-02-23,831.33,2017-02-23,16.03
2017-02-24,194.33,2017-02-24,828.64,2017-02-24,15.98
2017-02-27,194.42,2017-02-27,829.28,2017-02-27,16.06
2017-02-28,191.88,2017-02-28,823.21,2017-02-28,15.77
2017-03-01,193.78,2017-03-01,835.24,2017-03-01,15.79
2017-03-02,190.23,2017-03-02,830.63,2017-03-02,15.79
2017-03-03,190,2017-03-03,829.08,2017-03-03,15.75
2017-03-06,187.95,2017-03-06,827.78,2017-03-06,15.56
2017-03-07,187.57,2017-03-07,831.91,2017-03-07,15.18
2017-03-08,189.16,2017-03-08,835.37,2017-03-08,15.24
2017-03-09,187.62,2017-03-09,838.68,2017-03-09,15.22
2017-03-10,186.97,2017-03-10,843.25,2017-03-10,15.12
2017-03-13,188.85,2017-03-13,845.54,2017-03-13,15.21
2017-03-14,188.62,2017-03-14,845.62,2017-03-14,15.32
2017-03-15,190.02,2017-03-15,847.2,2017-03-15,15.03
2017-03-16,191.05,2017-03-16,848.78,2017-03-16,15.19
2017-03-17,191.86,2017-03-17,852.12,2017-03-17,15.08
2017-03-20,192.42,2017-03-20,848.4,2017-03-20,15.09
2017-03-21,187.99,2017-03-21,830.46,2017-03-21,14.54
2017-03-22,186.95,2017-03-22,829.59,2017-03-22,14.98
2017-03-23,186.41,2017-03-23,817.58,2017-03-23,14.93
2017-03-24,186.14,2017-03-24,814.43,2017-03-24,15.14
2017-03-27,186.94,2017-03-27,819.51,2017-03-27,14.99
2017-03-28,187.74,2017-03-28,820.92,2017-03-28,14.94
2017-03-29,187.81,2017-03-29,831.41,2017-03-29,15.04
2017-03-30,188.29,2017-03-30,831.5,2017-03-30,14.92
2017-03-31,187.8,2017-03-31,829.56,2017-03-31,14.95
2017-04-03,187.43,2017-04-03,838.55,2017-04-03,14.84
2017-04-04,186.25,2017-04-04,834.57,2017-04-04,14.69
2017-04-05,184.11,2017-04-05,831.41,2017-04-05,14.53
2017-04-06,183.49,2017-04-06,827.88,2017-04-06,14.39
2017-04-07,182.8,2017-04-07,824.67,2017-04-07,14.29
2017-04-10,184.79,2017-04-10,824.73,2017-04-10,14.36
2017-04-11,185.67,2017-04-11,823.35,2017-04-11,14.31
2017-04-12,183.92,2017-04-12,824.32,2017-04-12,14.42
2017-04-13,181.61,2017-04-13,823.56,2017-04-13,14.3
2017-04-17,184.23,2017-04-17,837.17,2017-04-17,14.4
2017-04-18,185.41,2017-04-18,836.82,2017-04-18,14.44
2017-04-19,185.94,2017-04-19,838.21,2017-04-19,14.54
2017-04-20,188.11,2017-04-20,841.65,2017-04-20,14.65
2017-04-21,187.59,2017-04-21,843.19,2017-04-21,14.63
2017-04-24,190.67,2017-04-24,862.76,2017-04-24,14.71
2017-04-25,190.68,2017-04-25,872.3,2017-04-25,14.66
2017-04-26,193.01,2017-04-26,871.73,2017-04-26,15.82
2017-04-27,192.49,2017-04-27,874.25,2017-04-27,16.61
2017-04-28,190.17,2017-04-28,905.96,2017-04-28,16.48
2017-05-01,191.35,2017-05-01,912.57,2017-05-01,17.54
2017-05-02,188.01,2017-05-02,916.44,2017-05-02,18.24
2017-05-03,187.84,2017-05-03,927.04,2017-05-03,18.57
2017-05-04,189.17,2017-05-04,931.66,2017-05-04,18.48
2017-05-05,190.95,2017-05-05,927.13,2017-05-05,18.69
2017-05-08,191.52,2017-05-08,934.3,2017-05-08,18.31
2017-05-09,187.88,2017-05-09,932.17,2017-05-09,18.37
2017-05-10,187.11,2017-05-10,928.78,2017-05-10,18.54
2017-05-11,187.05,2017-05-11,930.6,2017-05-11,18.39
2017-05-12,185.31,2017-05-12,932.22,2017-05-12,18.61
2017-05-15,187.07,2017-05-15,937.08,2017-05-15,19.23
2017-05-16,187.66,2017-05-16,943,2017-05-16,19.49
2017-05-17,183.9,2017-05-17,919.62,2017-05-17,18.28
2017-05-18,184.13,2017-05-18,930.24,2017-05-18,18.51
2017-05-19,183.78,2017-05-19,934.01,2017-05-19,18.35
2017-05-22,185.22,2017-05-22,941.86,2017-05-22,18.43
2017-05-23,182.1,2017-05-23,948.82,2017-05-23,18.15
2017-05-24,181.99,2017-05-24,954.96,2017-05-24,17.98
2017-05-25,181.5,2017-05-25,969.54,2017-05-25,17.95
2017-05-26,180.77,2017-05-26,971.47,2017-05-26,18.23
2017-05-30,182.84,2017-05-30,975.88,2017-05-30,18.43
2017-05-31,182.36,2017-05-31,964.86,2017-05-31,18.32
2017-06-01,185.94,2017-06-01,966.95,2017-06-01,18.53
2017-06-02,188.32,2017-06-02,975.6,2017-06-02,18.31
2017-06-05,184.13,2017-06-05,983.68,2017-06-05,18.23
2017-06-06,182.82,2017-06-06,976.57,2017-06-06,17.57
2017-06-07,182.52,2017-06-07,981.08,2017-06-07,17.44
2017-06-08,184.61,2017-06-08,983.41,2017-06-08,17.59
2017-06-09,180.79,2017-06-09,949.83,2017-06-09,16.9
2017-06-12,181.19,2017-06-12,942.9,2017-06-12,17.04
2017-06-13,182.12,2017-06-13,953.4,2017-06-13,16.97
2017-06-14,183.4,2017-06-14,950.76,2017-06-14,16.76
2017-06-15,182.82,2017-06-15,942.31,2017-06-15,16.83
2017-06-16,182.6,2017-06-16,939.78,2017-06-16,16.67
2017-06-19,182.39,2017-06-19,957.37,2017-06-19,17.06
2017-06-20,183.14,2017-06-20,950.63,2017-06-20,16.91
2017-06-21,184.47,2017-06-21,959.45,2017-06-21,17.78
2017-06-22,184.6,2017-06-22,957.09,2017-06-22,18.15
2017-06-23,184.95,2017-06-23,965.59,2017-06-23,18.5
2017-06-26,184.84,2017-06-26,952.27,2017-06-26,18.29
2017-06-27,185.11,2017-06-27,927.33,2017-06-27,18.12
2017-06-28,188.83,2017-06-28,940.49,2017-06-28,17.95
2017-06-29,189.1,2017-06-29,917.79,2017-06-29,17.65
2017-06-30,191.67,2017-06-30,908.73,2017-06-30,17.87
2017-07-03,186.54,2017-07-03,898.7,2017-07-03,17.65
2017-07-05,184.52,2017-07-05,911.71,2017-07-05,17.82
2017-07-06,182.62,2017-07-06,906.69,2017-07-06,17.92
2017-07-07,184.99,2017-07-07,918.59,2017-07-07,18.02
2017-07-10,183.77,2017-07-10,928.8,2017-07-10,18.08
2017-07-11,184.34,2017-07-11,930.09,2017-07-11,18.64
2017-07-12,187.68,2017-07-12,943.83,2017-07-12,19.25
2017-07-13,185.79,2017-07-13,947.16,2017-07-13,19.32
2017-07-14,184.73,2017-07-14,955.99,2017-07-14,19.64
2017-07-17,185.82,2017-07-17,953.42,2017-07-17,19.94
2017-07-18,188.75,2017-07-18,965.4,2017-07-18,19.98
2017-07-19,189.81,2017-07-19,970.89,2017-07-19,20.12
2017-07-20,189.32,2017-07-20,968.15,2017-07-20,20.53
2017-07-21,188.48,2017-07-21,972.92,2017-07-21,20.11
2017-07-24,191.9,2017-07-24,980.34,2017-07-24,20
2017-07-25,192.51,2017-07-25,950.7,2017-07-25,19.97
2017-07-26,191.56,2017-07-26,947.8,2017-07-26,19.61
2017-07-27,189.18,2017-07-27,934.09,2017-07-27,16.84
2017-07-28,139.99,2017-07-28,941.53,2017-07-28,16.75
2017-07-31,134.51,2017-07-31,930.5,2017-07-31,16.09
2017-08-01,136.28,2017-08-01,930.83,2017-08-01,16.21
2017-08-02,135.93,2017-08-02,930.39,2017-08-02,16.07
2017-08-03,133.56,2017-08-03,923.65,2017-08-03,16.18
2017-08-04,135.73,2017-08-04,927.96,2017-08-04,16.29
2017-08-07,132.13,2017-08-07,929.36,2017-08-07,16.4
2017-08-08,131.49,2017-08-08,926.79,2017-08-08,16.15
2017-08-09,130.6,2017-08-09,922.9,2017-08-09,16.14
2017-08-10,127.74,2017-08-10,907.24,2017-08-10,15.75
2017-08-11,129.01,2017-08-11,914.39,2017-08-11,15.92
2017-08-14,128.92,2017-08-14,922.67,2017-08-14,16.09
2017-08-15,128.69,2017-08-15,922.22,2017-08-15,15.95
2017-08-16,128.72,2017-08-16,926.96,2017-08-16,16.16
2017-08-17,127.46,2017-08-17,910.98,2017-08-17,15.87
2017-08-18,125.93,2017-08-18,910.67,2017-08-18,15.99
2017-08-21,125.21,2017-08-21,906.66,2017-08-21,16.11
2017-08-22,126.14,2017-08-22,924.69,2017-08-22,16.63
2017-08-23,125.64,2017-08-23,927,2017-08-23,16.96
2017-08-24,125.64,2017-08-24,921.28,2017-08-24,16.89
2017-08-25,125.76,2017-08-25,915.89,2017-08-25,16.65
2017-08-28,126.31,2017-08-28,913.81,2017-08-28,16.77
2017-08-29,126.7,2017-08-29,921.29,2017-08-29,16.93
2017-08-30,125.73,2017-08-30,929.57,2017-08-30,16.93
2017-08-31,129,2017-08-31,939.33,2017-08-31,16.91
2017-09-01,128.5,2017-09-01,937.34,2017-09-01,16.86
2017-09-05,128.31,2017-09-05,928.45,2017-09-05,16.65
2017-09-06,128.19,2017-09-06,927.81,2017-09-06,16.83
2017-09-07,128.36,2017-09-07,935.95,2017-09-07,17.22
2017-09-08,128.25,2017-09-08,926.5,2017-09-08,17.45
2017-09-11,128.2,2017-09-11,929.08,2017-09-11,17.66
2017-09-12,128.52,2017-09-12,932.07,2017-09-12,18.17
2017-09-13,132.21,2017-09-13,935.09,2017-09-13,18.2
2017-09-14,130.1,2017-09-14,925.11,2017-09-14,18.21
2017-09-15,126.81,2017-09-15,920.29,2017-09-15,18.01
2017-09-18,125.95,2017-09-18,915,2017-09-18,17.6
2017-09-19,125.85,2017-09-19,921.81,2017-09-19,17.76
2017-09-20,125.3,2017-09-20,931.58,2017-09-20,17.62
2017-09-21,124.51,2017-09-21,932.45,2017-09-21,17.58
2017-09-22,124.76,2017-09-22,928.53,2017-09-22,17.61
2017-09-25,123.96,2017-09-25,920.97,2017-09-25,16.98
2017-09-26,124.54,2017-09-26,924.86,2017-09-26,16.59
2017-09-27,127.33,2017-09-27,944.49,2017-09-27,16.95
2017-09-28,127.72,2017-09-28,949.5,2017-09-28,16.85
2017-09-29,127.71,2017-09-29,959.11,2017-09-29,16.87
2017-10-02,129.06,2017-10-02,953.27,2017-10-02,17.09
2017-10-03,129.27,2017-10-03,957.79,2017-10-03,17.59
2017-10-04,130.99,2017-10-04,951.68,2017-10-04,17.75
2017-10-05,131.16,2017-10-05,969.96,2017-10-05,18.25
2017-10-06,131.36,2017-10-06,978.89,2017-10-06,17.85
2017-10-09,132.12,2017-10-09,977,2017-10-09,17.67
2017-10-10,132.35,2017-10-10,972.6,2017-10-10,17.41
2017-10-11,132.13,2017-10-11,989.25,2017-10-11,17.73
2017-10-12,133.57,2017-10-12,987.83,2017-10-12,18.45
2017-10-13,135,2017-10-13,989.68,2017-10-13,18.63
2017-10-16,135.83,2017-10-16,992,2017-10-16,18.33
2017-10-17,135.89,2017-10-17,992.18,2017-10-17,18.28
2017-10-18,136,2017-10-18,992.81,2017-10-18,18.02
2017-10-19,135.56,2017-10-19,984.45,2017-10-19,17.89
2017-10-20,137,2017-10-20,988.2,2017-10-20,17.87
2017-10-23,136.88,2017-10-23,968.45,2017-10-23,17.37
2017-10-24,137.04,2017-10-24,970.54,2017-10-24,17.25
2017-10-25,137.85,2017-10-25,973.33,2017-10-25,17.14
2017-10-26,140.96,2017-10-26,972.56,2017-10-26,20.31
2017-10-27,140.86,2017-10-27,1019.27,2017-10-27,21.68
2017-10-30,135.81,2017-10-30,1017.11,2017-10-30,21.25
2017-10-31,132.26,2017-10-31,1016.64,2017-10-31,20.62
2017-11-01,134.54,2017-11-01,1025.5,2017-11-01,20.61
2017-11-02,133.99,2017-11-02,1025.58,2017-11-02,19.71
2017-11-03,133.68,2017-11-03,1032.48,2017-11-03,19.9
2017-11-06,134.3,2017-11-06,1025.9,2017-11-06,19.39
2017-11-07,133.71,2017-11-07,1033.33,2017-11-07,19.66
2017-11-08,134.39,2017-11-08,1039.85,2017-11-08,19.59
2017-11-09,133.39,2017-11-09,1031.26,2017-11-09,19.9
2017-11-10,133.5,2017-11-10,1028.07,2017-11-10,20.32
2017-11-13,132.22,2017-11-13,1025.75,2017-11-13,20.17
2017-11-14,133.18,2017-11-14,1026,2017-11-14,20.05
2017-11-15,132.24,2017-11-15,1020.91,2017-11-15,19.91
2017-11-16,133.42,2017-11-16,1032.5,2017-11-16,20.36
2017-11-17,133.76,2017-11-17,1019.09,2017-11-17,20.76
2017-11-20,134.59,2017-11-20,1018.38,2017-11-20,21.13
2017-11-21,137,2017-11-21,1034.49,2017-11-21,21.88
2017-11-22,137.46,2017-11-22,1035.96,2017-11-22,22.27
2017-11-24,137.43,2017-11-24,1040.61,2017-11-24,22.42
2017-11-27,136.3,2017-11-27,1054.21,2017-11-27,21.82
2017-11-28,138.2,2017-11-28,1047.41,2017-11-28,21.83
2017-11-29,136.59,2017-11-29,1021.66,2017-11-29,20.79
2017-11-30,136.76,2017-11-30,1021.41,2017-11-30,20.58
2017-12-01,135,2017-12-01,1010.17,2017-12-01,20.71
2017-12-04,135.23,2017-12-04,998.68,2017-12-04,20.4
2017-12-05,134.56,2017-12-05,1005.15,2017-12-05,20.77
2017-12-06,134.47,2017-12-06,1018.38,2017-12-06,21.09
2017-12-07,133.99,2017-12-07,1030.93,2017-12-07,21.01
2017-12-08,136.25,2017-12-08,1037.05,2017-12-08,21.1
2017-12-11,133.68,2017-12-11,1041.1,2017-12-11,22.05
2017-12-12,132.36,2017-12-12,1040.48,2017-12-12,21.65
2017-12-13,132.85,2017-12-13,1040.61,2017-12-13,21.66
2017-12-14,131.75,2017-12-14,1049.15,2017-12-14,22.58
2017-12-15,132.65,2017-12-15,1064.19,2017-12-15,22.23
2017-12-18,133.98,2017-12-18,1077.14,2017-12-18,24.68
2017-12-19,134.82,2017-12-19,1070.68,2017-12-19,25.08
2017-12-20,135.07,2017-12-20,1064.95,2017-12-20,25.2
2017-12-21,133.65,2017-12-21,1063.63,2017-12-21,25.05
2017-12-22,131.93,2017-12-22,1060.12,2017-12-22,24.46
2017-12-26,131.04,2017-12-26,1056.74,2017-12-26,24.26
2017-12-27,131.39,2017-12-27,1049.37,2017-12-27,24.23
2017-12-28,131.6,2017-12-28,1048.14,2017-12-28,24.31
2017-12-29,131.3,2017-12-29,1046.4,2017-12-29,24.01
2018-01-02,131.8,2018-01-02,1065,2018-01-02,24.51
2018-01-03,132.38,2018-01-03,1082.48,2018-01-03,24.45
2018-01-04,135.06,2018-01-04,1086.4,2018-01-04,23.99
2018-01-05,135.01,2018-01-05,1102.23,2018-01-05,24.32
2018-01-08,136.61,2018-01-08,1106.94,2018-01-08,24.59
2018-01-09,136.25,2018-01-09,1106.26,2018-01-09,24.17
2018-01-10,136.62,2018-01-10,1102.61,2018-01-10,24.25
2018-01-11,138.36,2018-01-11,1105.52,2018-01-11,24.35
2018-01-12,139.75,2018-01-12,1122.26,2018-01-12,25.41
2018-01-16,138.31,2018-01-16,1121.76,2018-01-16,24.66
2018-01-17,139.6,2018-01-17,1131.98,2018-01-17,24.56
2018-01-18,138.85,2018-01-18,1129.79,2018-01-18,24.04
2018-01-19,140.98,2018-01-19,1137.51,2018-01-19,23.66
2018-01-22,139.22,2018-01-22,1155.81,2018-01-22,23.32
2018-01-23,139.1,2018-01-23,1169.97,2018-01-23,22.75
2018-01-24,138.29,2018-01-24,1164.24,2018-01-24,22.37
2018-01-25,137.33,2018-01-25,1170.37,2018-01-25,22.16
2018-01-26,137.79,2018-01-26,1175.84,2018-01-26,24.27
2018-01-29,137.95,2018-01-29,1175.58,2018-01-29,25.18
2018-01-30,138.38,2018-01-30,1163.69,2018-01-30,25.62
2018-01-31,137.73,2018-01-31,1169.94,2018-01-31,25.81
2018-02-01,139.14,2018-02-01,1167.7,2018-02-01,27.14
2018-02-02,135.77,2018-02-02,1111.9,2018-02-02,25.92
2018-02-05,131.59,2018-02-05,1055.8,2018-02-05,25.13
2018-02-06,133,2018-02-06,1080.6,2018-02-06,25.24
2018-02-07,133.52,2018-02-07,1048.58,2018-02-07,26.91
2018-02-08,131.53,2018-02-08,1001.52,2018-02-08,30.18
2018-02-09,130.62,2018-02-09,1037.78,2018-02-09,31.51
2018-02-12,132.87,2018-02-12,1051.94,2018-02-12,30.95
2018-02-13,134.51,2018-02-13,1052.1,2018-02-13,33.44
2018-02-14,135.83,2018-02-14,1069.7,2018-02-14,33.75
2018-02-15,137.85,2018-02-15,1089.52,2018-02-15,33.61
2018-02-16,137.55,2018-02-16,1094.8,2018-02-16,33.06
2018-02-20,137.99,2018-02-20,1102.46,2018-02-20,32.84
2018-02-21,136.77,2018-02-21,1111.34,2018-02-21,33.38
2018-02-22,137.37,2018-02-22,1106.63,2018-02-22,32.11
2018-02-23,137.98,2018-02-23,1126.79,2018-02-23,32.66
2018-02-26,137.69,2018-02-26,1143.75,2018-02-26,32.16
2018-02-27,135.16,2018-02-27,1118.29,2018-02-27,31.32
2018-02-28,127.98,2018-02-28,1104.73,2018-02-28,31.86
2018-03-01,123.87,2018-03-01,1069.52,2018-03-01,32.24
2018-03-02,125.43,2018-03-02,1078.92,2018-03-02,33
2018-03-05,134.14,2018-03-05,1090.93,2018-03-05,34.58
2018-03-06,133.2,2018-03-06,1095.06,2018-03-06,34.43
2018-03-07,133.25,2018-03-07,1109.64,2018-03-07,35.76
2018-03-08,134.21,2018-03-08,1126,2018-03-08,34.85
2018-03-09,136.27,2018-03-09,1160.04,2018-03-09,35.35
2018-03-12,136.07,2018-03-12,1164.5,2018-03-12,35.5
2018-03-13,135.04,2018-03-13,1138.17,2018-03-13,34.11
2018-03-14,133.43,2018-03-14,1149.49,2018-03-14,36.6
2018-03-15,133.37,2018-03-15,1149.58,2018-03-15,35.8
2018-03-16,131.76,2018-03-16,1135.73,2018-03-16,35.58
2018-03-19,130.85,2018-03-19,1099.82,2018-03-19,34.98
2018-03-20,130.71,2018-03-20,1097.71,2018-03-20,31.35
2018-03-21,130.73,2018-03-21,1090.88,2018-03-21,32.73
2018-03-22,130.86,2018-03-22,1049.08,2018-03-22,31.2
2018-03-23,129.77,2018-03-23,1021.57,2018-03-23,31.03
2018-03-26,130.7,2018-03-26,1053.21,2018-03-26,31.91
2018-03-27,128.42,2018-03-27,1005.1,2018-03-27,28.07
2018-03-28,127.7,2018-03-28,1004.56,2018-03-28,28.45
2018-03-29,128.99,2018-03-29,1031.79,2018-03-29,29.01
2018-04-02,125.54,2018-04-02,1006.47,2018-04-02,28.04
2018-04-03,126.82,2018-04-03,1013.41,2018-04-03,27.54
2018-04-04,126.8,2018-04-04,1025.14,2018-04-04,28.25
2018-04-05,127.58,2018-04-05,1027.81,2018-04-05,28.64
2018-04-06,125.87,2018-04-06,1007.04,2018-04-06,28.1
2018-04-09,125.44,2018-04-09,1015.45,2018-04-09,28.01
2018-04-10,127.51,2018-04-10,1031.64,2018-04-10,29.53
2018-04-11,128.7,2018-04-11,1019.97,2018-04-11,29.39
2018-04-12,129.52,2018-04-12,1032.51,2018-04-12,29
2018-04-13,130.18,2018-04-13,1029.27,2018-04-13,28.76
2018-04-16,132.36,2018-04-16,1037.98,2018-04-16,28.58
2018-04-17,134.63,2018-04-17,1074.16,2018-04-17,31.84
2018-04-18,134.82,2018-04-18,1072.08,2018-04-18,31.54
2018-04-19,134.24,2018-04-19,1087.7,2018-04-19,31.54
2018-04-20,131.55,2018-04-20,1072.96,2018-04-20,31.91
2018-04-23,131.52,2018-04-23,1067.45,2018-04-23,31.22
2018-04-24,130.34,2018-04-24,1019.98,2018-04-24,30.47
2018-04-25,131.58,2018-04-25,1021.18,2018-04-25,29.75
2018-04-26,132.29,2018-04-26,1040.04,2018-04-26,30.27
2018-04-27,126.69,2018-04-27,1030.05,2018-04-27,29
2018-04-30,127.46,2018-04-30,1017.33,2018-04-30,30.31
2018-05-01,130.82,2018-05-01,1037.31,2018-05-01,30.3
2018-05-02,130.31,2018-05-02,1024.38,2018-05-02,30.55
2018-05-03,129.12,2018-05-03,1023.72,2018-05-03,30.67
2018-05-04,130.2,2018-05-04,1048.21,2018-05-04,31.04
2018-05-07,129.93,2018-05-07,1054.79,2018-05-07,31.33
2018-05-08,131.04,2018-05-08,1053.91,2018-05-08,31.85
2018-05-09,130.6,2018-05-09,1082.76,2018-05-09,32.46
2018-05-10,130.18,2018-05-10,1097.57,2018-05-10,32.87
2018-05-11,129.28,2018-05-11,1098.26,2018-05-11,32.75
2018-05-14,127.13,2018-05-14,1100.2,2018-05-14,33.39
2018-05-15,127.46,2018-05-15,1079.23,2018-05-15,32.75
2018-05-16,128.81,2018-05-16,1081.77,2018-05-16,32.77
2018-05-17,129.48,2018-05-17,1078.59,2018-05-17,32.58
2018-05-18,130.8,2018-05-18,1066.36,2018-05-18,32.63
2018-05-21,130.18,2018-05-21,1079.58,2018-05-21,33.63
2018-05-22,129.75,2018-05-22,1069.73,2018-05-22,32.86
2018-05-23,130.1,2018-05-23,1079.69,2018-05-23,33.42
2018-05-24,130.95,2018-05-24,1079.24,2018-05-24,33.52
2018-05-25,130.72,2018-05-25,1075.66,2018-05-25,33.63
2018-05-29,129.27,2018-05-29,1060.32,2018-05-29,34.04
2018-05-30,132.24,2018-05-30,1067.8,2018-05-30,34.36
2018-05-31,129.57,2018-05-31,1084.99,2018-05-31,34.7
2018-06-01,130.42,2018-06-01,1119.5,2018-06-01,36.65
2018-06-04,131.12,2018-06-04,1139.29,2018-06-04,37.88
2018-06-05,131.31,2018-06-05,1139.66,2018-06-05,39.8
2018-06-06,131.78,2018-06-06,1136.88,2018-06-06,40.1
2018-06-07,129.9,2018-06-07,1123.86,2018-06-07,39.7
2018-06-08,129.96,2018-06-08,1120.87,2018-06-08,41.21
2018-06-11,131.09,2018-06-11,1129.99,2018-06-11,41.42
2018-06-12,132.52,2018-06-12,1139.32,2018-06-12,43.49
2018-06-13,132.72,2018-06-13,1134.79,2018-06-13,44.07
2018-06-14,133.16,2018-06-14,1152.12,2018-06-14,46.76
2018-06-15,134.74,2018-06-15,1152.26,2018-06-15,45.8
2018-06-18,135.78,2018-06-18,1173.46,2018-06-18,46
2018-06-19,135.5,2018-06-19,1168.06,2018-06-19,44.95
2018-06-20,135,2018-06-20,1168.06,2018-06-20,46.13
2018-06-21,132.46,2018-06-21,1157.66,2018-06-21,45.24
2018-06-22,131.15,2018-06-22,1155.48,2018-06-22,45.88
2018-06-25,128.76,2018-06-25,1124.81,2018-06-25,44.17
2018-06-26,129.61,2018-06-26,1118.46,2018-06-26,44.84
2018-06-27,125.06,2018-06-27,1103.98,2018-06-27,43.7
2018-06-28,127.3,2018-06-28,1114.22,2018-06-28,44.79
2018-06-29,127.75,2018-06-29,1115.65,2018-06-29,43.67
2018-07-02,129.63,2018-07-02,1127.46,2018-07-02,44.98
2018-07-03,131.76,2018-07-03,1102.89,2018-07-03,43.89
2018-07-05,134.05,2018-07-05,1124.27,2018-07-05,45.06
2018-07-06,134.88,2018-07-06,1140.17,2018-07-06,46.65
2018-07-09,135.12,2018-07-09,1154.05,2018-07-09,44.14
2018-07-10,134.92,2018-07-10,1152.84,2018-07-10,43.75
2018-07-11,134.26,2018-07-11,1153.9,2018-07-11,43.87
2018-07-12,136.31,2018-07-12,1183.48,2018-07-12,45.26
2018-07-13,135.83,2018-07-13,1188.82,2018-07-13,44.49
2018-07-16,135.3,2018-07-16,1183.86,2018-07-16,44.26
2018-07-17,134.88,2018-07-17,1198.8,2018-07-17,44.71
2018-07-18,135.83,2018-07-18,1195.88,2018-07-18,43.34
2018-07-19,137.54,2018-07-19,1186.96,2018-07-19,43.44
2018-07-20,135.29,2018-07-20,1184.91,2018-07-20,43.42
2018-07-23,134.2,2018-07-23,1205.5,2018-07-23,43.31
2018-07-24,133.32,2018-07-24,1248.08,2018-07-24,42.17
2018-07-25,135.27,2018-07-25,1263.7,2018-07-25,44.22
2018-07-26,137.38,2018-07-26,1268.33,2018-07-26,42.94
2018-07-27,129.16,2018-07-27,1238.5,2018-07-27,34.12
2018-07-30,127.93,2018-07-30,1219.74,2018-07-30,31.38
2018-07-31,130.15,2018-07-31,1217.26,2018-07-31,31.87
2018-08-01,132.31,2018-08-01,1220.01,2018-08-01,31.91
2018-08-02,136.55,2018-08-02,1226.15,2018-08-02,32.82
2018-08-03,134.89,2018-08-03,1223.71,2018-08-03,31.96
2018-08-06,137.17,2018-08-06,1224.77,2018-08-06,32.98
2018-08-07,137.86,2018-08-07,1242.22,2018-08-07,32.67
2018-08-08,137.97,2018-08-08,1245.61,2018-08-08,31.84
2018-08-09,139.75,2018-08-09,1249.1,2018-08-09,31.96
2018-08-10,141.46,2018-08-10,1237.61,2018-08-10,32.01
2018-08-13,140.78,2018-08-13,1235.01,2018-08-13,32.8
2018-08-14,142.15,2018-08-14,1242.1,2018-08-14,33.19
2018-08-15,140.57,2018-08-15,1214.38,2018-08-15,32.38
2018-08-16,141.07,2018-08-16,1206.49,2018-08-16,32.83
2018-08-17,139.53,2018-08-17,1200.96,2018-08-17,32.73
2018-08-20,140.92,2018-08-20,1207.77,2018-08-20,32.6
2018-08-21,141.07,2018-08-21,1201.62,2018-08-21,33.69
2018-08-22,141.56,2018-08-22,1207.33,2018-08-22,33.81
2018-08-23,141.79,2018-08-23,1205.38,2018-08-23,33.88
2018-08-24,149.67,2018-08-24,1220.65,2018-08-24,34.28
2018-08-27,146.93,2018-08-27,1241.82,2018-08-27,35.89
2018-08-28,147.84,2018-08-28,1231.15,2018-08-28,35.49
2018-08-29,147.8,2018-08-29,1249.3,2018-08-29,35.35
2018-08-30,147.18,2018-08-30,1239.12,2018-08-30,35.64
2018-08-31,149,2018-08-31,1218.19,2018-08-31,35.18
2018-09-04,147.75,2018-09-04,1197,2018-09-04,34.84
2018-09-05,144.84,2018-09-05,1186.48,2018-09-05,32.73
2018-09-06,144.81,2018-09-06,1171.44,2018-09-06,30.81
2018-09-07,144.54,2018-09-07,1164.83,2018-09-07,30.49
2018-09-10,146.77,2018-09-10,1164.64,2018-09-10,30.54
2018-09-11,147.8,2018-09-11,1177.36,2018-09-11,30.89
2018-09-12,148.89,2018-09-12,1162.82,2018-09-12,29.75
2018-09-13,147.69,2018-09-13,1175.33,2018-09-13,30.39
2018-09-14,149.13,2018-09-14,1172.53,2018-09-14,30.12
2018-09-17,147.1,2018-09-17,1156.05,2018-09-17,28.86
2018-09-18,149.96,2018-09-18,1161.22,2018-09-18,29.22
2018-09-19,147.81,2018-09-19,1171.09,2018-09-19,29.52
2018-09-20,147.65,2018-09-20,1186.87,2018-09-20,29.85
2018-09-21,148.12,2018-09-21,1166.09,2018-09-21,28.5
2018-09-24,147.38,2018-09-24,1173.37,2018-09-24,28.6
2018-09-25,146.81,2018-09-25,1184.65,2018-09-25,29.11
2018-09-26,141.41,2018-09-26,1180.49,2018-09-26,29.01
2018-09-27,140.54,2018-09-27,1194.64,2018-09-27,29.42
2018-09-28,140.62,2018-09-28,1193.47,2018-09-28,28.46
2018-10-01,136.47,2018-10-01,1195.31,2018-10-01,28.31
2018-10-02,132.49,2018-10-02,1200.11,2018-10-02,28.19
2018-10-03,133.48,2018-10-03,1202.95,2018-10-03,29.01
2018-10-04,131.7,2018-10-04,1168.19,2018-10-04,28.23
2018-10-05,131.2,2018-10-05,1157.35,2018-10-05,28.39
2018-10-08,130.84,2018-10-08,1148.97,2018-10-08,28.45
2018-10-09,130.71,2018-10-09,1138.82,2018-10-09,29.27
2018-10-10,126.72,2018-10-10,1081.22,2018-10-10,26.79
2018-10-11,126.8,2018-10-11,1079.32,2018-10-11,27
2018-10-12,127.28,2018-10-12,1110.08,2018-10-12,27.99
2018-10-15,128.01,2018-10-15,1092.25,2018-10-15,28.61
2018-10-16,131.15,2018-10-16,1121.28,2018-10-16,29.87
2018-10-17,130.54,2018-10-17,1115.69,2018-10-17,29.55
2018-10-18,128.27,2018-10-18,1087.97,2018-10-18,29.29
2018-10-19,126.48,2018-10-19,1096.46,2018-10-19,28.83
2018-10-22,127.58,2018-10-22,1101.16,2018-10-22,29.18
2018-10-23,126.87,2018-10-23,1103.69,2018-10-23,28.77
2018-10-24,121.25,2018-10-24,1050.71,2018-10-24,27.54
2018-10-25,123.25,2018-10-25,1095.57,2018-10-25,31.8
2018-10-26,122.49,2018-10-26,1071.47,2018-10-26,32.36
2018-10-29,121.71,2018-10-29,1020.08,2018-10-29,32.39
2018-10-30,124.04,2018-10-30,1036.21,2018-10-30,33.86
2018-10-31,125.97,2018-10-31,1076.77,2018-10-31,34.75
2018-11-01,125.63,2018-11-01,1070,2018-11-01,34.62
2018-11-02,126.73,2018-11-02,1057.79,2018-11-02,34.3
2018-11-05,126.64,2018-11-05,1040.09,2018-11-05,34.02
2018-11-06,126.33,2018-11-06,1055.81,2018-11-06,34.42
2018-11-07,129.86,2018-11-07,1093.39,2018-11-07,34.99
2018-11-08,128.51,2018-11-08,1082.4,2018-11-08,34.18
2018-11-09,128.28,2018-11-09,1066.15,2018-11-09,34.08
2018-11-12,126.59,2018-11-12,1038.63,2018-11-12,32.01
2018-11-13,125.91,2018-11-13,1036.05,2018-11-13,32.49
2018-11-14,125.45,2018-11-14,1043.66,2018-11-14,32.91
2018-11-15,127.42,2018-11-15,1064.71,2018-11-15,33.15
2018-11-16,127.08,2018-11-16,1061.49,2018-11-16,33.67
2018-11-19,124.45,2018-11-19,1020,2018-11-19,31.98
2018-11-20,123.02,2018-11-20,1025.76,2018-11-20,31.06
2018-11-21,125.18,2018-11-21,1037.61,2018-11-21,31.61
2018-11-23,124.35,2018-11-23,1023.88,2018-11-23,31.12
2018-11-26,126.08,2018-11-26,1048.62,2018-11-26,32.82
2018-11-27,125.28,2018-11-27,1044.41,2018-11-27,32.61
2018-11-28,127.46,2018-11-28,1086.23,2018-11-28,32.73
2018-11-29,127.76,2018-11-29,1088.3,2018-11-29,31.3
2018-11-30,129.64,2018-11-30,1094.43,2018-11-30,31.45
2018-12-03,131.07,2018-12-03,1106.43,2018-12-03,33.66
2018-12-04,126.71,2018-12-04,1050.82,2018-12-04,32.56
2018-12-06,127.65,2018-12-06,1068.73,2018-12-06,32.96
2018-12-07,127.58,2018-12-07,1036.58,2018-12-07,32.83
2018-12-10,127.64,2018-12-10,1039.55,2018-12-10,33.43
2018-12-11,126.99,2018-12-11,1051.75,2018-12-11,34.45
2018-12-12,127.85,2018-12-12,1063.68,2018-12-12,36.25
2018-12-13,128.1,2018-12-13,1061.9,2018-12-13,35.89
2018-12-14,126.92,2018-12-14,1042.1,2018-12-14,35.87
2018-12-17,122.82,2018-12-17,1016.53,2018-12-17,33.43
2018-12-18,123.35,2018-12-18,1028.71,2018-12-18,33.74
2018-12-19,122.83,2018-12-19,1023.01,2018-12-19,32.93
2018-12-20,120.61,2018-12-20,1009.41,2018-12-20,29.29
2018-12-21,116.58,2018-12-21,979.54,2018-12-21,27.31
2018-12-24,116.7,2018-12-24,976.22,2018-12-24,26.45
2018-12-26,121.09,2018-12-26,1039.46,2018-12-26,28.66
2018-12-27,125.95,2018-12-27,1043.88,2018-12-27,28.68
2018-12-28,126.88,2018-12-28,1037.08,2018-12-28,28.43
2018-12-31,127.75,2018-12-31,1035.61,2018-12-31,28.74
2019-01-02,128.57,2019-01-02,1045.85,2019-01-02,28.81
2019-01-03,126.57,2019-01-03,1016.06,2019-01-03,27.99
2019-01-04,130.4,2019-01-04,1070.71,2019-01-04,29.95
2019-01-07,131.23,2019-01-07,1068.39,2019-01-07,31.34
2019-01-08,132.31,2019-01-08,1076.28,2019-01-08,31.8
2019-01-09,131.58,2019-01-09,1074.66,2019-01-09,32.25
2019-01-10,132.51,2019-01-10,1070.33,2019-01-10,33.09
2019-01-11,133.86,2019-01-11,1057.19,2019-01-11,32.87
2019-01-14,132.11,2019-01-14,1044.69,2019-01-14,32.37
2019-01-15,134.31,2019-01-15,1077.15,2019-01-15,33.02
2019-01-16,133.84,2019-01-16,1080.97,2019-01-16,32.47
2019-01-17,134.88,2019-01-17,1089.9,2019-01-17,32.85
2019-01-18,136.32,2019-01-18,1098.26,2019-01-18,33.27
2019-01-22,137.24,2019-01-22,1070.52,2019-01-22,32.25
2019-01-23,137.48,2019-01-23,1075.57,2019-01-23,30.97
2019-01-24,138.28,2019-01-24,1073.9,2019-01-24,31.61
2019-01-25,139.4,2019-01-25,1090.99,2019-01-25,32.9
2019-01-28,138.51,2019-01-28,1070.08,2019-01-28,33.13
2019-01-29,138.27,2019-01-29,1060.62,2019-01-29,31.64
2019-01-30,127.37,2019-01-30,1089.06,2019-01-30,32.26
2019-01-31,126.89,2019-01-31,1116.37,2019-01-31,33.56
2019-02-01,128.04,2019-02-01,1110.75,2019-02-01,33.19
2019-02-04,130.05,2019-02-04,1132.8,2019-02-04,33.94
2019-02-05,132.15,2019-02-05,1145.99,2019-02-05,34.37
2019-02-06,128.27,2019-02-06,1115.23,2019-02-06,34.16
2019-02-07,129.14,2019-02-07,1098.71,2019-02-07,30.8
2019-02-08,130.78,2019-02-08,1095.06,2019-02-08,30.01
2019-02-11,136.8,2019-02-11,1095.01,2019-02-11,30.23
2019-02-12,142.11,2019-02-12,1121.37,2019-02-12,30.39
2019-02-13,140.43,2019-02-13,1120.16,2019-02-13,31.12
2019-02-14,140.06,2019-02-14,1121.67,2019-02-14,30.96
2019-02-15,141.06,2019-02-15,1113.65,2019-02-15,31.23
2019-02-19,141.91,2019-02-19,1118.56,2019-02-19,31.65
2019-02-20,140.42,2019-02-20,1113.8,2019-02-20,31.37
2019-02-21,143.13,2019-02-21,1096.97,2019-02-21,30.76
2019-02-22,145.41,2019-02-22,1110.37,2019-02-22,31.71
2019-02-25,146.19,2019-02-25,1109.4,2019-02-25,31.99
2019-02-26,141.8,2019-02-26,1115.13,2019-02-26,31.01
2019-02-27,141.19,2019-02-27,1116.05,2019-02-27,30.41
2019-02-28,141.5,2019-02-28,1119.92,2019-02-28,30.78
2019-03-01,141.74,2019-03-01,1140.99,2019-03-01,30.62
2019-03-04,139.31,2019-03-04,1147.8,2019-03-04,30.5
2019-03-05,138.66,2019-03-05,1162.03,2019-03-05,31.03
2019-03-06,136.97,2019-03-06,1157.86,2019-03-06,30.8
2019-03-07,137.35,2019-03-07,1143.3,2019-03-07,30.12
2019-03-08,138.12,2019-03-08,1142.32,2019-03-08,30.04
2019-03-11,143,2019-03-11,1175.76,2019-03-11,30.87
2019-03-12,145.19,2019-03-12,1193.2,2019-03-12,31.16
2019-03-13,147.5,2019-03-13,1193.32,2019-03-13,31.3
2019-03-14,148,2019-03-14,1185.55,2019-03-14,31.03
2019-03-15,148.33,2019-03-15,1184.46,2019-03-15,31.22
2019-03-18,147.83,2019-03-18,1184.26,2019-03-18,31.08
2019-03-19,147.4,2019-03-19,1198.85,2019-03-19,31.27
2019-03-20,147.54,2019-03-20,1223.97,2019-03-20,32.57
2019-03-21,149.62,2019-03-21,1231.54,2019-03-21,32.61
2019-03-22,143.83,2019-03-22,1205.5,2019-03-22,33.02
2019-03-25,144.09,2019-03-25,1193,2019-03-25,32.59
2019-03-26,145.65,2019-03-26,1184.62,2019-03-26,33.06
2019-03-27,143.62,2019-03-27,1173.02,2019-03-27,32.28
2019-03-28,144.8,2019-03-28,1168.49,2019-03-28,32.87
2019-03-29,144.25,2019-03-29,1173.31,2019-03-29,32.88
2019-04-01,147.34,2019-04-01,1194.43,2019-04-01,33.44
2019-04-02,146.2,2019-04-02,1200.49,2019-04-02,33.75
2019-04-03,147.93,2019-04-03,1205.92,2019-04-03,34.38
2019-04-04,144.57,2019-04-04,1215,2019-04-04,34.42
2019-04-05,146.52,2019-04-05,1207.15,2019-04-05,34.72
2019-04-08,144.42,2019-04-08,1203.84,2019-04-08,34.86
2019-04-09,144.13,2019-04-09,1197.25,2019-04-09,35.14
2019-04-10,147.74,2019-04-10,1202.16,2019-04-10,34.75
2019-04-11,148.52,2019-04-11,1204.62,2019-04-11,34.58
2019-04-12,150.65,2019-04-12,1217.87,2019-04-12,34.37
2019-04-15,149.54,2019-04-15,1221.1,2019-04-15,34.71
2019-04-16,151.12,2019-04-16,1227.13,2019-04-16,34.46
2019-04-17,148.11,2019-04-17,1236.34,2019-04-17,34.48
2019-04-18,146.48,2019-04-18,1236.37,2019-04-18,34.4
2019-04-22,147.34,2019-04-22,1248.84,2019-04-22,34.39
2019-04-23,149.16,2019-04-23,1264.55,2019-04-23,39.77
2019-04-24,149.54,2019-04-24,1256,2019-04-24,39.29
2019-04-25,148,2019-04-25,1263.45,2019-04-25,38.48
2019-04-26,149.42,2019-04-26,1272.18,2019-04-26,38.67
2019-04-29,149.23,2019-04-29,1287.58,2019-04-29,39.78
2019-04-30,149.7,2019-04-30,1188.48,2019-04-30,39.91
2019-05-01,141.02,2019-05-01,1168.08,2019-05-01,39.29
2019-05-02,140.84,2019-05-02,1162.61,2019-05-02,39.95
2019-05-03,141.03,2019-05-03,1185.4,2019-05-03,40.8
2019-05-06,141.45,2019-05-06,1189.39,2019-05-06,40.23
2019-05-07,138.87,2019-05-07,1174.1,2019-05-07,38.62
2019-05-08,137.97,2019-05-08,1166.27,2019-05-08,38.58
2019-05-09,138.13,2019-05-09,1162.38,2019-05-09,38.79
2019-05-10,139.26,2019-05-10,1164.27,2019-05-10,38.45
2019-05-13,135.05,2019-05-13,1132.03,2019-05-13,36.59
2019-05-14,136.5,2019-05-14,1120.44,2019-05-14,36.93
2019-05-15,136.22,2019-05-15,1164.21,2019-05-15,37.9
2019-05-16,138.06,2019-05-16,1178.98,2019-05-16,38.3
2019-05-17,136.84,2019-05-17,1162.3,2019-05-17,37.5
2019-05-20,136.27,2019-05-20,1138.85,2019-05-20,37.15
2019-05-21,137.31,2019-05-21,1149.63,2019-05-21,37.47
2019-05-22,136.27,2019-05-22,1151.42,2019-05-22,38.58
2019-05-23,133.92,2019-05-23,1140.77,2019-05-23,37.19
2019-05-24,134.08,2019-05-24,1133.47,2019-05-24,37.41
2019-05-28,135.33,2019-05-28,1134.15,2019-05-28,37.29
2019-05-29,133.75,2019-05-29,1116.46,2019-05-29,36.85
2019-05-30,133.66,2019-05-30,1117.95,2019-05-30,37.14
2019-05-31,132.91,2019-05-31,1103.63,2019-05-31,36.44
2019-06-03,130.9,2019-06-03,1036.23,2019-06-03,34.43
2019-06-04,133.82,2019-06-04,1053.05,2019-06-04,36.1
2019-06-05,134.38,2019-06-05,1042.22,2019-06-05,36.33
2019-06-06,134.41,2019-06-06,1044.34,2019-06-06,36.59
2019-06-07,137.14,2019-06-07,1066.04,2019-06-07,37.93
2019-06-10,136.55,2019-06-10,1080.38,2019-06-10,37.64
2019-06-11,134.14,2019-06-11,1078.72,2019-06-11,37.21
2019-06-12,132.68,2019-06-12,1077.03,2019-06-12,37.49
2019-06-13,132.05,2019-06-13,1088.77,2019-06-13,36.34
2019-06-14,133.65,2019-06-14,1085.35,2019-06-14,36.15
2019-06-17,141.25,2019-06-17,1092.5,2019-06-17,36.44
2019-06-18,145.59,2019-06-18,1103.6,2019-06-18,36.65
2019-06-19,147.67,2019-06-19,1102.33,2019-06-19,36.29
2019-06-20,147.89,2019-06-20,1111.42,2019-06-20,35.44
2019-06-21,146.72,2019-06-21,1121.88,2019-06-21,35.02
2019-06-24,141.58,2019-06-24,1115.52,2019-06-24,35.58
2019-06-25,140.16,2019-06-25,1086.35,2019-06-25,34.72
2019-06-26,139.12,2019-06-26,1079.8,2019-06-26,35.22
2019-06-27,141.03,2019-06-27,1076.01,2019-06-27,34.75
2019-06-28,143.31,2019-06-28,1080.91,2019-06-28,34.9
2019-07-01,140.03,2019-07-01,1097.95,2019-07-01,36.08
2019-07-02,140.5,2019-07-02,1111.25,2019-07-02,36.22
2019-07-03,141.16,2019-07-03,1121.58,2019-07-03,36.02
2019-07-05,140.24,2019-07-05,1131.59,2019-07-05,36.25
2019-07-08,125.93,2019-07-08,1116.35,2019-07-08,36.45
2019-07-09,123.99,2019-07-09,1124.83,2019-07-09,37.65
2019-07-10,122.96,2019-07-10,1140.48,2019-07-10,37.47
2019-07-11,122.79,2019-07-11,1144.21,2019-07-11,37.21
2019-07-12,123.02,2019-07-12,1144.9,2019-07-12,37.84
2019-07-15,123.62,2019-07-15,1150.34,2019-07-15,38.68
2019-07-16,124.5,2019-07-16,1153.58,2019-07-16,37.99
2019-07-17,122.51,2019-07-17,1146.35,2019-07-17,37.7
2019-07-18,122.66,2019-07-18,1146.33,2019-07-18,37.66
2019-07-19,121.75,2019-07-19,1130.1,2019-07-19,36.77
2019-07-22,122.25,2019-07-22,1138.07,2019-07-22,37.58
2019-07-23,121.58,2019-07-23,1146.21,2019-07-23,37.9
2019-07-24,122.73,2019-07-24,1137.81,2019-07-24,38.73
2019-07-25,122.19,2019-07-25,1132.12,2019-07-25,38.12
2019-07-26,123.32,2019-07-26,1250.41,2019-07-26,41.52
2019-07-29,122.18,2019-07-29,1239.41,2019-07-29,41.5
2019-07-30,123.19,2019-07-30,1225.14,2019-07-30,41
2019-07-31,136.73,2019-07-31,1216.68,2019-07-31,42.31
2019-08-01,135.48,2019-08-01,1209.01,2019-08-01,42.08
2019-08-02,134.3,2019-08-02,1193.99,2019-08-02,42.85
2019-08-05,132.52,2019-08-05,1152.32,2019-08-05,40.37
2019-08-06,134.1,2019-08-06,1169.95,2019-08-06,41.32
2019-08-07,138.35,2019-08-07,1173.99,2019-08-07,41.73
2019-08-08,140.27,2019-08-08,1204.8,2019-08-08,42.07
2019-08-09,140.7,2019-08-09,1188.01,2019-08-09,41.53
2019-08-12,140.74,2019-08-12,1174.71,2019-08-12,40.48
2019-08-13,138.73,2019-08-13,1197.27,2019-08-13,41.81
2019-08-14,137.95,2019-08-14,1164.29,2019-08-14,40.65
2019-08-15,136.39,2019-08-15,1167.26,2019-08-15,40.09
2019-08-16,137.33,2019-08-16,1177.6,2019-08-16,40.58
2019-08-19,139.75,2019-08-19,1198.45,2019-08-19,41.7
2019-08-20,140.51,2019-08-20,1182.69,2019-08-20,42.29
2019-08-21,140.89,2019-08-21,1191.25,2019-08-21,42.8
2019-08-22,141.22,2019-08-22,1189.53,2019-08-22,42.18
2019-08-23,138.11,2019-08-23,1151.29,2019-08-23,41
2019-08-26,139.62,2019-08-26,1168.89,2019-08-26,41.44
2019-08-27,138.72,2019-08-27,1167.84,2019-08-27,42.14
2019-08-28,139.46,2019-08-28,1171.02,2019-08-28,41.68
2019-08-29,141.39,2019-08-29,1192.85,2019-08-29,42.49
2019-08-30,143.29,2019-08-30,1188.1,2019-08-30,42.65
2019-09-03,143.6,2019-09-03,1168.39,2019-09-03,41.96
2019-09-04,137.17,2019-09-04,1181.41,2019-09-04,43.36
2019-09-05,141.41,2019-09-05,1211.38,2019-09-05,45.3
2019-09-06,139.89,2019-09-06,1204.93,2019-09-06,45.42
2019-09-09,143.69,2019-09-09,1204.41,2019-09-09,44.26
2019-09-10,144.96,2019-09-10,1206,2019-09-10,43.25
2019-09-11,147.54,2019-09-11,1220.17,2019-09-11,43.25
2019-09-12,148.4,2019-09-12,1234.25,2019-09-12,43.2
2019-09-13,145.78,2019-09-13,1239.56,2019-09-13,42.63
2019-09-16,147.45,2019-09-16,1231.3,2019-09-16,42.76
2019-09-17,149.01,2019-09-17,1229.15,2019-09-17,43.24
2019-09-18,148.13,2019-09-18,1232.41,2019-09-18,43.24
2019-09-19,150.45,2019-09-19,1238.71,2019-09-19,42.93
2019-09-20,149.05,2019-09-20,1229.93,2019-09-20,43.23
2019-09-23,150.59,2019-09-23,1234.03,2019-09-23,43.38
2019-09-24,148.88,2019-09-24,1218.76,2019-09-24,41.42
2019-09-25,149.57,2019-09-25,1246.52,2019-09-25,42.5
2019-09-26,149.37,2019-09-26,1241.39,2019-09-26,42.44
2019-09-27,147.03,2019-09-27,1225.09,2019-09-27,41.35
2019-09-30,148.37,2019-09-30,1219,2019-09-30,41.2
2019-10-01,146.34,2019-10-01,1205.1,2019-10-01,40.25
2019-10-02,144.9,2019-10-02,1176.63,2019-10-02,39.7
2019-10-03,145.42,2019-10-03,1187.83,2019-10-03,40
2019-10-04,146.59,2019-10-04,1209,2019-10-04,40.36
2019-10-07,147.35,2019-10-07,1207.68,2019-10-07,40.8
2019-10-08,143.96,2019-10-08,1189.13,2019-10-08,39.7
2019-10-09,144.37,2019-10-09,1202.31,2019-10-09,39.5
2019-10-10,143.52,2019-10-10,1208.67,2019-10-10,39.54
2019-10-11,144.15,2019-10-11,1215.45,2019-10-11,40.36
2019-10-14,143.94,2019-10-14,1217.14,2019-10-14,39.78
2019-10-15,144.18,2019-10-15,1243.01,2019-10-15,40.28
